X1,X2,label
-0.009331868,0.39098105418015816,1
0.9545738691624412,-0.473755828,1
0.9185255998380013,-0.42519648,1
0.41276801969823385,-0.376384586,1
-0.845320158,0.5287990751013711,0
0.5795424858467747,-0.352978675,1
0.2948842632678151,-0.209237677,1
-0.014488041,0.4358961006359975,1
1.6265103704826596,-0.281207418,1
0.6715976694958535,0.7864222732171882,0
1.3113449829773651,-0.415150279,1
0.8795901439942223,0.4888580675405558,0
0.3372031470608245,-0.216343072,1
1.9663402564991523,0.2701299246617674,1
1.9587054386348164,0.10002219927047266,1
1.7608686821731874,-0.088321862,1
-0.198018689,1.006313658281475,0
1.7717398842568328,-0.16423208,1
1.0457937178907926,-0.488771923,1
-0.418771596,0.9228578479664462,0
0.020963607003776332,0.18436562684985627,1
0.4729142575381755,0.9265610355240331,0
-0.663513809,0.7238877091143752,0
-0.00020899,0.3429460902955619,1
0.2133861545691056,0.944727323387971,0
0.13645516208535663,1.0078971080677193,0
0.7941274688342912,0.6187546488250769,0
2.0352618080136105,0.4049071183348086,1
1.806430102078984,-0.090012545,1
1.9758034702625296,0.2076430596211074,1
-0.529274321,0.8513114704497956,0
0.5919435918112382,0.7760448491389307,0
0.24464606702437747,-0.205604505,1
-0.994882174,0.025066961950497235,0
-0.714661138,0.6560299186412298,0
0.32399730310668956,1.027202661620251,0
0.6105042321996944,-0.422170622,1
0.19007465198574094,0.013171555208393838,1
1.822131751795924,-0.065316103,1
0.9393090382790429,0.3287750710113634,0
-0.514587151,0.9369445294689552,0
0.8283627881366036,0.5712668749979283,0
-0.386117211,0.9470102832926734,0
2.0637997808877993,0.35897320945881583,1
-0.324263566,0.94782967480715,0
-0.140140308,0.9675657155567916,0
1.916144788178186,-0.024453855,1
0.18855034200912854,-0.075036288,1
-0.891394339,0.344272660883642,0
1.4783547025105115,-0.359886033,1
0.061786014322250095,0.0689522514354962,1
1.7277338506302224,-0.225222137,1
-0.048205023,0.992663744109642,0
0.15058529281070665,-0.026917397,1
0.9590186056396491,0.15979744268825247,0
0.9582430808664298,0.1828162871470888,0
0.25926806724683693,-0.167029912,1
0.977691827832564,0.0673947830070605,0
0.1549920886175832,1.0041740580295317,0
1.4259763219073607,-0.398453022,1
-0.211491976,0.92423970503715,0
0.9844214873786534,0.2536801074904796,0
-0.027594859,0.2014287903787663,1
0.21689920075838615,0.9737796559389502,0
0.21550164768379587,-0.116614162,1
0.6413516350305641,-0.419354922,1
0.5015590632891926,-0.391860149,1
1.6585857298742575,-0.244951608,1
0.9190108953421569,0.40339663429441375,0
0.03374433825644489,0.23347576338847045,1
0.7604169179859546,0.6019918726301723,0
-0.996324249,0.03385532382515485,0
0.17129416237597875,-0.068381038,1
0.9359909891070269,-0.505444944,1
-0.239973269,0.9362036578179066,0
-0.239088308,0.9768200317919346,0
0.4733826756386867,-0.347655862,1
0.9502903466295477,0.21495493170322832,0
0.10282373735450115,0.02147980821974324,1
-0.391397063,0.9106987025468518,0
0.6100513527566134,-0.455697332,1
0.9375965713008191,0.36127617048985533,0
-0.122452724,0.922044407747687,0
0.8597424298730357,0.3930712399200372,0
-0.388861737,0.9075107246770983,0
0.035243707779937,0.24276268398143086,1
2.0646373678153123,0.5138719832621771,1
0.7596703677741293,-0.487671943,1
0.9833800144604069,-0.496732712,1
-0.5176798,0.8998644918637909,0
-0.680585685,0.6933053384445158,0
-0.968759272,0.31342676462146457,0
0.058192785524930034,0.40905018180197933,1
0.16690683309653465,0.9957084475312632,0
1.229161429915976,-0.448061786,1
-0.91085816,0.31522415524954595,0
1.0807216301226623,-0.489879323,1
0.8073810871960746,0.5435479178229811,0
0.8766461209456042,0.3623626261115674,0
1.5034609998787927,-0.412755801,1
0.80787062970489,-0.530448332,1
-0.533970746,0.7935432090252258,0
1.9252262024058466,0.11905530636238955,1
-0.022684123,0.9535873898240786,0
0.33980407899206266,-0.270997188,1
0.332880370391283,-0.257793766,1
0.04667079118456748,0.17381496456641482,1
1.9738531451598609,0.24077673755146425,1
0.5501362908901233,0.869806173417783,0
1.8229359767617044,-0.005636991,1
0.030489562007046566,0.3406076837389021,1
1.4137678346066809,-0.366948421,1
1.9432320992367154,0.4462972607157073,1
1.3669644815014417,-0.420418152,1
0.88890614086869,0.5189559950413426,0
-0.887845557,0.4279787657601025,0
0.4393729419134067,0.948038483027588,0
1.977660478564435,0.387161770354901,1
-0.022973827,0.2858373812803165,1
-0.251956861,0.9650260662707647,0
1.794950213035253,-0.130239498,1
-0.859551161,0.446803407185087,0
0.7582577444562361,-0.447117393,1
-0.108212319,1.012846816932148,0
0.04734145775559794,1.0352427772380202,0
0.06036746210076274,0.14108183776852606,1
0.1458275368960572,-0.056981546,1
-0.962281565,0.36476702548055756,0
1.7001390170412636,-0.230143593,1
1.272123457735703,-0.432317329,1
0.20943481538559267,-0.082292585,1
1.6229513161701772,-0.330628674,1
-0.112725464,0.9207040585164643,0
2.027277747611966,0.4842354131839651,1
-0.033833581,0.26567716847104195,1
0.9144670365065067,0.36319917051350564,0
0.7189226396265008,0.6615041782880313,0
0.18531698217035728,0.9449763802169291,0
0.9296286988024479,0.12052349560502666,0
0.866891254016407,0.4584096774853915,0
0.9569046092392482,0.24871733892536851,0
0.08503047496705164,0.9799592301310374,0
0.8565446876568915,-0.435312387,1
-0.24411838,0.9826184447660006,0
1.7699370623666784,-0.136876257,1
1.8768580207223153,-0.028648476,1
1.3568719401150764,-0.433375923,1
0.023417875437793216,0.9641934469936027,0
1.4646359798514155,-0.366169658,1
-0.424790279,0.889086118240812,0
0.3574656730176105,-0.30461953,1
0.6154483243468079,0.8667485636116495,0
1.965219915472546,0.3668762775672594,1
-0.915327466,0.44409065984730667,0
1.9503733751994932,0.1754141561329916,1
-0.998507764,0.2339848150367624,0
-0.418355518,0.8929343146386609,0
0.7019802617768407,-0.474391538,1
0.9042708410241312,0.36857854515841193,0
1.7699955159329555,-0.194222158,1
0.06916811522193969,-0.089179025,1
1.146122172237218,-0.4836427,1
0.4483713380146389,-0.340373235,1
0.3645619243176445,-0.296249264,1
1.6719529993634903,-0.237897194,1
0.5371044289983171,-0.358573565,1
-0.288453876,0.9751934516358183,0
0.64332148746074,-0.402609098,1
-0.364753338,0.9646279300545189,0
-0.391226751,0.9427493389254541,0
-0.65683984,0.7385589364846084,0
-1.012769317,0.14043174042545795,0
0.7821772031920661,0.6505029543386682,0
1.9912474047874953,0.4371862564324658,1
-0.972119978,0.037071963128343065,0
-0.654553912,0.7580733298485741,0
-0.005728078,0.9590912518207025,0
-0.014920215,1.0046208349739434,0
1.3325401797207823,-0.457912417,1
0.5753818859379138,-0.396186965,1
-0.963235123,-0.011771142,0
0.5253895937118821,-0.365080526,1
-0.724833778,0.6826190290247096,0
0.00247863451726529,0.3422789999715791,1
1.5113722051412586,-0.295680591,1
0.6361205932573285,0.7633193084095827,0
-0.605419845,0.7716332703904943,0
-0.668683469,0.686006616516154,0
1.9582617687837667,0.1811956609216267,1
0.9458223102102276,-0.512189832,1
1.9119975933083346,0.17907185533930386,1
1.4993358712264617,-0.347716629,1
0.4784125773611883,-0.292371842,1
0.3059349815248018,0.9154736735598938,0
0.22434104106240327,0.9927109401605116,0
-0.87714179,0.5918885859910042,0
-0.469424082,0.8619193467611518,0
0.23698608047052933,0.9459878498241595,0
0.24479249718887733,-0.159794175,1
0.9103435859179326,0.46128096471146784,0
0.9985440255486159,0.1806971150038875,0
0.03226955023350746,0.2745249959416576,1
0.68480475915081,-0.420033451,1
0.0774998102108897,0.16701902072644723,1
1.4897318468073188,-0.345645144,1
0.21462976544517712,-0.053521875,1
0.47633051021462386,0.8603047609650661,0
1.8840143847232738,-0.010862512,1
-1.040431058,0.015697509667043027,0
1.4298010745221164,-0.392433409,1
0.8696871328258846,0.41483992659359525,0
0.6121559548604006,0.8054974768685966,0
1.885116278739087,0.050022448212108536,1
1.4636009636007232,-0.403953373,1
0.5137002810759114,-0.343051997,1
-0.460179825,0.8384152446147514,0
0.4984963087963878,-0.344220987,1
0.0024225739186660242,0.9828649038141188,0
1.8289948654007488,-0.059462877,1
0.8137485500721972,-0.466739575,1
-0.326602131,0.9930216892162795,0
0.8762807036366022,-0.494112599,1
1.980530717878923,0.34689149650148543,1
0.9474218325703581,0.28166687438621063,0
1.8028741199210705,-0.135842701,1
1.0295872095540848,0.03129051519809474,0
0.0233198146754328,0.21316561614289187,1
-0.583079589,0.7824623915729791,0
1.8807670236393041,-0.052334555,1
0.03737278289702846,0.2957308654487365,1
-0.577852001,0.8608463107895608,0
2.0029405818200328,0.49703067841137816,1
-0.9995243,0.1525999287583228,0
0.12146291530346576,0.11064347681288746,1
0.9674096310501702,0.21240569405191928,0
0.9500676055534998,0.17805346324242124,0
0.13476930990231376,1.0271045490235595,0
2.0633754221961036,0.27238864583932126,1
0.32615562373719414,0.9577876376298142,0
-0.535651148,0.8819025230259245,0
0.984753968188226,0.025234056763950123,0
0.3152875751156274,0.9559287455420982,0
0.03186826542701199,0.4381679610957893,1
1.2506910153385016,-0.478879723,1
-0.395111518,0.9974510914264054,0
0.7704723837545087,0.6870574316434481,0
-0.956107673,0.40369095510966096,0
0.9087948555269747,0.47138737314483015,0
0.8793760533547452,0.4669224363496621,0
-0.186474645,0.997023397964123,0
0.8817233114567485,0.47305724148549366,0
2.008445894134849,0.4409103775051665,1
1.1966131313867765,-0.470750052,1
1.7846420776066458,-0.082079147,1
-0.871586064,0.60093648315316,0
-0.481068304,0.9044095967842667,0
0.018374318258823276,0.3780599632433432,1
1.890768368747599,-0.03646399,1
1.9180115217824463,0.012748499002145863,1
0.9528276213188718,0.02330180660359204,0
0.8209365608527239,-0.485599599,1
-0.984954784,0.24943607914083116,0
0.8387200666676783,0.531673281951518,0
-0.128845213,1.0102292226276461,0
-0.600886097,0.8162583966133886,0
1.7151782328568779,-0.237061605,1
1.311502072729118,-0.414781086,1
-0.741334939,0.6924431066742701,0
0.3114506223118925,-0.25090437,1
-0.735057338,0.6558015581939873,0
-1.002322618,0.02558303102369104,0
0.7308090602994409,0.6898795705426506,0
1.7943042662343665,-0.083424349,1
0.0010323945770283598,1.0135710921579462,0
0.00645823400483272,0.38827862682722547,1
0.9353675729490637,0.144764262374688,0
0.3043572720700673,0.9559107441754505,0
0.17483415132265293,-0.084635673,1
0.8810621211509302,0.46861912024504265,0
1.2415409994334694,-0.482759946,1
0.1627090007092782,-0.048267656,1
1.293685302195609,-0.395514761,1
0.0949464869420797,1.0070444392901594,0
-0.265692677,0.9696935580710351,0
0.24594790767396818,0.9842445668375586,0
0.7645121834489497,-0.459087504,1
-0.668752519,0.8205694827452371,0
-0.974010627,0.3185145466443159,0
0.17133598703910524,0.9824122979590585,0
1.9630101921568783,0.2394322595205842,1
1.9617768048926767,0.18314787201186195,1
1.2380462191818389,-0.485464506,1
0.03142742216718008,0.5108027738900056,1
-0.954176542,0.2376352189568982,0
-0.611831853,0.7516432297399257,0
-0.977399894,0.16307218037493548,0
1.8815754789300283,0.0585726613367615,1
-0.928302782,0.4788392356636738,0
0.9524472433745312,0.034950094217712835,0
0.5216737430828837,0.8101467924459167,0
0.03822098119432277,0.22372661399464824,1
-0.899111774,0.40898704748155174,0
-1.061750819,0.08633421838153614,0
-0.883005645,0.49979264579249133,0
1.1648410715200195,-0.484543706,1
1.916159450867958,0.14440042737809894,1
-0.463890495,0.8070756600377507,0
0.1821623266980985,0.061324982570738734,1
1.937828464516276,0.11936516530732208,1
0.08007291699941545,0.10234362892222162,1
0.16439690316594413,-0.041266126,1
0.01677300620155076,0.28373719761836824,1
0.10111777493906492,-0.017668698,1
0.7647378355472647,-0.482939469,1
-1.006256769,0.3275010949915382,0
-0.912921015,0.3087668971198816,0
0.11684652960490502,0.9432485706340465,0
-0.605479868,0.7941323534162505,0
0.8359777751290307,-0.474321803,1
0.2893032696429966,0.9789280645331622,0
0.8836564317047712,0.44899581116755455,0
0.6383326266912639,0.8004254931755429,0
-0.341911661,0.9477816761974727,0
0.3216673702640313,-0.217249601,1
1.2084548034030045,-0.473530587,1
-0.007804877,0.47427008828503575,1
-0.535006813,0.7962760598661015,0
-0.961635515,0.0789996747819445,0
0.7517193753260404,-0.448226434,1
0.6918574157390353,0.721838963196235,0
0.7354972675179173,-0.474266283,1
-0.323000988,0.9011278123037991,0
0.8349141223182899,-0.508510263,1
0.37874503068004206,-0.262906137,1
1.0157308824175872,-0.022047312,0
-0.417168147,0.9272369299758482,0
0.766281878198472,-0.414030537,1
-0.002648087,0.21643023581453305,1
1.7408044613146543,-0.267611351,1
0.02965700106245913,0.29983270906434994,1
-0.977986963,0.11489553649606062,0
-0.869476185,0.5056791345223945,0
0.4980835285654941,0.9164300562990063,0
0.7150735196303766,0.69219440100641,0
-0.838035366,0.630851555873379,0
-0.911865524,0.45577369388975336,0
0.035515116912049484,0.172510279424595,1
1.8000750741631892,-0.067260249,1
0.8250656141914485,0.5578244686952636,0
1.9604299923852082,0.13442939288593939,1
0.43189520762885114,0.9719751506849721,0
-0.188813719,0.951123527567711,0
1.8140435572645641,-0.050573239,1
0.89930414751543,0.47267902311267923,0
-0.255419227,0.9456348637963665,0
0.6490221826385868,0.7532583344336483,0
-0.340056137,0.9523207377049079,0
-0.843073443,0.44562832212628445,0
-0.423801358,0.8498061621964765,0
0.600415639786865,0.7451931112234353,0
-0.885506341,0.4838319048022111,0
0.12643465927884107,0.05417534725383502,1
0.6375604496639635,0.7579944053920383,0
-0.968616271,0.3144734845178271,0
0.5277797143227798,0.8760590311255868,0
0.9523847364492487,0.14867778648861735,0
1.1262829559006375,-0.496241659,1
0.3508729041634801,0.9586416520062016,0
-0.791037567,0.5952927450931561,0
1.6661241202792236,-0.33285266,1
0.5104804570605814,0.8752353380693431,0
0.7310277657373249,-0.461057152,1
0.6245194693437559,0.7855548756644847,0
0.4500640261000703,0.921231549305372,0
1.016339852508695,0.055753501603215724,0
0.9564591021290582,-0.506689346,1
-1.026910192,0.12123599695713606,0
0.8651364045409118,0.4829742769239318,0
1.8485989619512668,-0.026345883,1
1.3824629899595098,-0.415218564,1
0.14628452522406288,0.9883759523788007,0
0.5919509963676954,0.8071635193216823,0
1.1886176274026896,-0.462497367,1
0.08627834922538535,0.965473007907956,0
0.19989225423166945,0.9844222065543882,0
1.8336239763297217,0.020174554953513252,1
-0.086648136,0.5087980794240051,1
0.6826050488693418,0.7148361019187277,0
2.014598520143115,0.4048933644066993,1
1.1246401107687083,-0.475611857,1
0.37434896041776794,0.9167975573312179,0
0.9499603617534476,0.24294197512022592,0
0.6584919885301574,-0.465011746,1
0.78668148363226,0.6099115473568744,0
0.15005856520302813,-0.047979208,1
0.8924616484779362,0.3726778215152575,0
-0.814950387,0.6265187865838835,0
-0.967617246,0.34493759446807726,0
1.0433455578901945,-0.469204339,1
1.9847074906108357,0.45227752337626725,1
1.0248405810831949,0.14102484925617648,0
-0.953415198,0.2229707290368112,0
0.029095939609858516,0.2516949866790296,1
0.007238162850501332,0.3056117957680925,1
0.2893841148702066,-0.200321067,1
0.6609165745602801,-0.473131879,1
1.8664104950403348,0.0554896086290607,1
-0.587596389,0.9105684255678287,0
0.9131018760082521,0.3143932796363772,0
0.03601747624549361,0.43005666605245624,1
-0.064011687,0.386089466716252,1
1.852597534092522,-0.045403858,1
1.2055662666206013,-0.47418674,1
-0.056892229,0.9622114027007,0
1.3643147441575083,-0.423254882,1
0.7512218525418174,-0.441596878,1
0.6300282013992357,-0.374618815,1
1.5046570481304404,-0.344131384,1
-0.012800509,0.39197027381787053,1
-0.982626665,0.32344422571110254,0
0.996245107251415,0.16474544012693598,0
0.7776300551924304,-0.473802454,1
-0.987821935,0.08691755100335474,0
0.0661743798872628,0.1238096546622128,1
-0.944333548,0.36382935869949085,0
-0.653698105,0.7733690039944585,0
0.8530072852752473,0.4860094031653328,0
0.9356339531978702,0.35343587155986733,0
0.33081848534254654,-0.237177928,1
-0.122967777,1.0293184658525352,0
-0.259221668,0.9600537778233678,0
-0.632474747,0.739847294018154,0
-0.592212764,0.8280115379513091,0
-0.981079766,0.2685815038541555,0
-0.134799839,1.0379237912176986,0
1.0195215446312795,0.0932803492216237,0
0.3866767427103717,0.9218294711533258,0
-0.662038329,0.7280648221302136,0
1.7186656042782424,-0.214866792,1
0.19871542234090206,-0.220833859,1
0.1834484522591218,0.9905457588915343,0
0.08647706964704507,0.05212533067658373,1
1.9896930874761858,0.3134982463406083,1
0.38893198436747783,-0.293663375,1
0.04898833550721794,0.22844177164154642,1
0.15545233480874682,-0.018034911,1
0.3669694841205275,-0.247065199,1
0.47305922907446,0.9168663675230297,0
0.46158390986125375,-0.346710744,1
0.5465665978376114,-0.385333117,1
0.13697213128083033,-0.012539158,1
1.7259008919205365,-0.195312245,1
-0.784548706,0.5741504409074246,0
0.5328962125561193,0.8770509254326999,0
0.07845582748661278,1.0322184008174815,0
0.27827239112959706,-0.244710942,1
1.8076493672909206,-0.138961294,1
0.5244688194404814,-0.347290472,1
-0.729109072,0.7181027709020018,0
-0.861221519,0.5201641571326129,0
0.9182768794038316,0.4214144873215911,0
0.7960731634391854,0.640227738181123,0
0.1921939643080762,-0.120594842,1
1.993113580607991,0.30643124272452416,1
-0.789073388,0.6003258536591609,0
0.8015331121835394,0.652613843060559,0
0.7098124194665443,0.6244785139365447,0
-0.883300233,0.46901523518202726,0
-0.012154612,0.2804310106156687,1
-0.947571851,0.2715136223766958,0
-0.894685639,0.5804991495487745,0
0.8873272919270825,0.5248370251051753,0
1.9421155621029018,0.061936058004154894,1
0.8525163827897787,0.5063879357575111,0
-0.451635364,0.8464620000374697,0
2.001396402173492,0.410163676918411,1
1.9376679711765457,0.08502819982213553,1
1.9638338996600855,0.12502630960031963,1
0.19191232403865646,-0.089115689,1
0.16635683945805024,-0.013249951,1
0.26788245558127144,-0.162801291,1
0.8583709702856381,0.5783193580212708,0
0.9143960456013844,0.09322630064655797,0
-0.809965685,0.5773824442661204,0
-0.003793098,0.28967350096184213,1
0.9779808138783455,0.22645988498157887,0
0.9709389941351617,0.2786547492763988,0
-0.424022608,0.8450351911908526,0
0.48587237252032656,0.8759662509949859,0
-0.965498448,0.003464504563302653,0
1.7508135745218254,-0.257394265,1
0.14314721385387502,-0.062973842,1
0.9985863937504064,-0.534396905,1
0.7924429343481153,0.6119466339168772,0
-0.953112627,0.44869117232114236,0
0.46608775494917204,0.8945343415186111,0
-0.951710862,0.35144257073085255,0
-0.872312907,0.5408060012320519,0
1.654593447829977,-0.227320833,1
1.7469234975286985,-0.183131213,1
0.4901340925083969,-0.410616895,1
0.4677640943133655,0.9209688621757055,0
-0.782550266,0.5760336529603302,0
1.8622713200845942,-0.043320392,1
1.2810601421087722,-0.459087283,1
1.9407160880345713,0.23015072264936481,1
0.6098657901213769,-0.42280558,1
-0.770176003,0.6394157876451781,0
1.9544641010361583,0.2796193981942018,1
0.9936611839568449,-0.500375995,1
-0.044151454,0.9649546301874922,0
-0.024403436,0.23223690260405533,1
-0.505255312,0.8612070840635273,0
1.0166163693720718,0.09719884356701124,0
-0.455312526,0.8738843699961016,0
1.08002676875249,-0.526143866,1
0.1389582160140064,1.0020613991208247,0
0.3894269231722418,0.9755478507341027,0
1.9973305788478442,0.4098750230097382,1
0.9661706230943446,0.12860671192860842,0
-0.634180718,0.7672558788424293,0
0.5171725206686113,-0.378461483,1
1.6762551759116195,-0.183670236,1
-0.548302787,0.8465957172449178,0
-0.898366376,0.46949982946100444,0
0.04862689179329515,0.15953355739417538,1
1.463826116707912,-0.36671372,1
0.27513837445483674,1.0177531173541505,0
0.3697429334551422,-0.261119372,1
0.8121090734677323,0.5548353133494418,0
0.10784839056094978,0.14461626060695948,1
0.8903336189767463,0.41338823078611703,0
0.26190284776412054,-0.176684687,1
-0.23677147,0.9611906573789658,0
1.5953261171959512,-0.35122696,1
-0.960813113,0.4007487072581999,0
0.5600372181062694,0.8363958469822289,0
0.9001015515492107,0.4538741790731243,0
0.8757092063278299,-0.514549266,1
-0.942344303,0.35395719032135176,0
0.34838477728559725,0.925811710450926,0
-0.103794574,1.0060156448984003,0
0.12417488262998555,0.9793459999173912,0
-1.052070561,0.0814970281444863,0
0.7516300307306729,0.7128302496849043,0
1.9741349793106795,0.17079754465289118,1
0.02581419932564559,0.41876788222798544,1
1.4210594757085155,-0.385609587,1
0.18915320724120296,-0.022393651,1
0.7265344293259979,0.6998168899388253,0
0.7370011545218239,0.6816034579804211,0
-1.003027869,0.14748866601146593,0
0.6606821550540364,-0.414571836,1
0.9303122003638924,0.3163107252564287,0
1.633219057455655,-0.249264483,1
1.8594531063484108,-0.013515718,1
-0.66771408,0.7302625035764193,0
-0.108257032,0.9918740112125085,0
0.9928185463028717,0.3285446623810805,0
-0.621926526,0.8024681618811793,0
0.3374084418328998,0.9337022117486452,0
2.053787677739926,0.5067186583426919,1
1.4830908804871592,-0.343904486,1
0.9232385404259216,-0.487264482,1
-0.030654411,1.0069138250850656,0
-0.947600453,0.28664647124817966,0
0.5430119826945469,-0.352825641,1
-0.339161781,0.8745081561534899,0
-0.559677905,0.8683940707320342,0
1.9948697947916976,0.26853436093548055,1
0.5743863628070051,0.7940974912680919,0
0.6905563128001608,0.6428698549709906,0
1.2506864830902378,-0.436001116,1
0.9053083093005742,0.34693128503162,0
-0.609560322,0.8318606256840566,0
1.9001471094954352,0.06613535737308135,1
0.6374715070098342,0.7558813794127235,0
-0.947538747,0.1479234423868903,0
-0.820338243,0.6045314044886978,0
0.2787311836249391,-0.184892914,1
-0.388145657,0.933480500805959,0
0.9347706239981373,0.12311010253133171,0
1.396759586828894,-0.470156989,1
1.2739333693335002,-0.447644779,1
1.3236700057288078,-0.407912704,1
-0.828713589,0.5668756452602169,0
-0.001980441,0.2736613274135233,1
0.2209201891068706,-0.253957522,1
0.9757433146776818,0.2699818035567121,0
0.45961415118910015,0.8901013563255308,0
0.022701182467597864,0.9713217424356954,0
1.4676879691649034,-0.367689152,1
0.4905825948923205,-0.345598756,1
1.0342064570851817,-0.490089322,1
1.65785398852573,-0.291427573,1
0.5854523897562885,0.8130367379440159,0
-0.22371904,0.9528864424903167,0
0.17188047370539775,-0.096178031,1
0.03632489406577482,0.07023796884861716,1
0.9108975611386816,-0.475785768,1
1.0257812646996372,0.08090545164944549,0
0.7098690420873536,0.7440260939547508,0
-0.413684708,0.9040591116110743,0
-0.012590713,0.9799206138463545,0
0.45249774810599735,-0.34918044,1
1.9538068912748439,0.28250859075363755,1
0.3763250197927448,0.9655597866901757,0
0.7571073508265258,0.6816552700184747,0
0.27463093553510953,-0.086474662,1
0.1602359560078977,-0.139546541,1
0.46794910917752164,0.8952293554867526,0
-0.292007284,0.9547957998311797,0
1.1229302997247015,-0.531603555,1
0.802749541957482,-0.419772144,1
0.8035022586118561,-0.462628672,1
0.5760260973584721,-0.417772419,1
1.9843854691470688,0.3023343070543972,1
0.018449080974987243,0.3974761867361173,1
2.039916541499713,0.42403796292124823,1
1.0288619673352393,0.2827464542152304,0
1.8405542616465709,-0.042313976,1
0.5368082645327499,0.7689348099525397,0
1.5898043467892138,-0.36471546,1
0.48790479661633596,0.8431378773311106,0
0.9681007987384174,0.08047985463503135,0
-0.003750983,0.43100784619049703,1
0.9872192275256579,0.2802927394372841,0
1.9989069506829875,0.4065558474544925,1
1.9431222413847302,0.1316176024759862,1
-0.018918722,0.3998737069191524,1
1.929953037641692,0.2164575418841119,1
-0.989747759,0.05446811681521767,0
-0.209905119,1.0101255094903756,0
0.7910070745904817,-0.499986459,1
1.677911583125492,-0.250498765,1
0.178576099558656,0.9826832207187384,0
1.0097932939737762,0.20889989044683976,0
1.9877728801601866,0.20419364760396697,1
-0.92043441,0.3620579796440009,0
1.933436186155416,0.21266581262956782,1
-0.685004643,0.6849595742087056,0
0.10206097759035718,0.9824764363645831,0
1.0186330247637045,0.2161146325814773,0
1.9925349937816297,0.2825252814815879,1
-0.669200805,0.7429317430609721,0
-0.946931145,0.13573285100605956,0
1.985976225176536,0.3226633809906136,1
1.6027910629766573,-0.287320861,1
0.7191943380778769,-0.481594275,1
1.4938141118462387,-0.357980497,1
0.42269209055514534,0.9250034012207982,0
1.5526816806262724,-0.269293245,1
1.6856996271433167,-0.212614391,1
0.014307715437153722,0.5064818377814702,1
2.0374229120364475,0.2898834383495564,1
1.4570752242080032,-0.407134928,1
0.11318476691037474,0.06589001996218574,1
1.9968569439919917,0.3207283482124685,1
0.4688584151794879,0.831268373637914,0
1.785254267681769,-0.006947104,1
0.6235786364282845,0.8408301824379437,0
1.2889777964803397,-0.403434839,1
1.991688975020254,0.4258005433726491,1
1.0056877258507395,-0.512305252,1
0.7670819616342306,0.6384829976746546,0
0.1050315346012428,1.025474729037155,0
0.6178936428893133,-0.447386247,1
0.8303208822306545,0.5684615322480744,0
-0.930695209,0.509744862958509,0
-0.819079318,0.46877327398572793,0
1.0017687829940953,-0.534394987,1
0.14319569597941278,-0.029638983,1
1.1877794759793714,-0.469342757,1
0.49826362569744365,-0.394162922,1
0.6781222421327529,0.6704017025426674,0
0.9420416931283687,0.33438811963020093,0
0.5883315281705991,0.8409182610792649,0
-0.869036283,0.5236757008220287,0
1.9586327573992204,0.10537051348787654,1
0.26988819277391435,0.9290072828672469,0
0.5024574058316889,-0.331099842,1
1.5486683377302248,-0.294856531,1
1.0467139437852835,-0.523107261,1
0.960888245297017,0.024393746334558947,0
1.3559854942475837,-0.420369309,1
1.0032677622055082,0.16997076555495993,0
-0.961695538,0.25835736498067724,0
0.4126971552956542,-0.243775671,1
-0.013277583,1.0267411835191285,0
-0.271670547,0.9776297907700711,0
0.9645291297562635,-0.538032197,1
0.09734779484441207,0.050706445274455135,1
0.23941002803933098,-0.192045646,1
0.8980232590431467,-0.44086325,1
1.7667551001363517,-0.12034576,1
-0.098580566,1.0231000552816791,0
0.22663183956581,-0.173668342,1
-0.295016086,0.9673326656153934,0
-0.852538515,0.5413392622402412,0
0.5428144964912132,0.7848434424437984,0
1.2592145479226624,-0.492525783,1
0.3711494116777365,-0.344228065,1
1.8511080237178725,-0.146582149,1
0.08495691018013193,0.18027736817846468,1
1.7698746450870535,-0.108154508,1
-0.962628751,0.06306455206711747,0
0.5973941956212093,0.8290160665646502,0
0.6764669577443996,0.8008751354709913,0
0.8740523850939248,-0.490044986,1
1.9383096490216818,0.11787998778421974,1
0.921643663815761,-0.520228159,1
0.4949251258970525,-0.35797296,1
-0.607974729,0.7932817935031865,0
-0.990493512,0.25041100010075246,0
-0.442181634,0.9106109712098182,0
0.4018587801129533,0.9033307263544536,0
0.735767419039342,0.7347470105979969,0
1.6240047220994198,-0.281616978,1
0.19938037260142344,-0.12239489,1
0.596770765009035,0.7827900927300705,0
1.9176618333994782,0.19575333810103537,1
0.3188113326215237,0.9294178342331143,0
0.22956947428659677,-0.137675613,1
-0.183753801,1.0010607772717166,0
-0.284353724,0.9561491192562827,0
-0.768316536,0.5837956256242777,0
0.7138662920802364,0.6972343847036164,0
0.40170398698527837,0.892343626174896,0
0.2646710361473648,0.9327140384839433,0
-0.900970072,0.3557742942206109,0
0.017385697798038738,1.0207793229386681,0
-0.871741992,0.5235375228087695,0
1.8661227210876297,0.08660559264493854,1
1.0997966192221276,-0.494548244,1
1.783844315639041,-0.016528831,1
1.4870274445872642,-0.348536039,1
1.761768168345457,-0.11801927,1
0.7535605030752364,0.6870605739485167,0
0.330008034273621,-0.253812453,1
-0.85241294,0.5968986503058316,0
1.2408016376275735,-0.459720267,1
1.135802866988464,-0.450591607,1
0.8741692128383662,-0.493878028,1
1.834804994465982,0.011329665002224175,1
0.13584309424522883,0.9807779930413354,0
0.3788630546928971,-0.304049674,1
1.8446045556036943,-0.004075314,1
1.04439168368811,-0.530862214,1
1.3225038138260463,-0.403631345,1
1.8676316913517494,-0.005962326,1
0.3114228179604588,-0.218405981,1
1.73681560522066,-0.228130463,1
1.0612696842139056,-0.469466667,1
-0.764221515,0.675593696676049,0
1.9836207113503093,0.39028222772718313,1
0.04866821933046426,0.4035254351673328,1
-0.094286019,0.9694446315456321,0
1.4294726357666607,-0.403738629,1
-0.965730013,0.38884866979008226,0
-0.993722551,0.010345716582360975,0
0.7483859451387292,0.6523238644821432,0
0.6522050480384725,-0.436688957,1
0.024977742775347006,0.9944434726159378,0
1.6401084773168735,-0.236371764,1
0.17631205119817023,-0.166336256,1
0.562709858379693,-0.389942446,1
-0.713420074,0.7271252820150856,0
1.9824679906373008,0.4500326008074351,1
1.5418053330419226,-0.324213575,1
0.13282182808725387,1.042676886779827,0
1.1993838130631025,-0.487666558,1
0.5918364935942717,-0.370531027,1
-0.380033561,0.8699920528328007,0
0.4500298070182679,-0.325522044,1
-0.841314098,0.5270141134803855,0
1.7781987857510377,-0.136256561,1
0.6954595047843788,-0.46409805,1
-0.676953679,0.7416104419155496,0
-0.060029641,0.9194042070458495,0
0.9887495378722297,-0.571697198,1
0.30065917504686807,-0.216601446,1
0.34203578528931716,-0.239884983,1
-0.142650762,0.9856292493465999,0
-0.683245961,0.6775695115337292,0
-0.745529981,0.708824456820496,0
0.15272271260119902,0.9929077812847698,0
1.9877821452891127,0.19215871294969517,1
1.3301621530670802,-0.411010056,1
-0.955927064,0.1286251535180586,0
-0.555902645,0.8377521722409187,0
-0.067709469,0.44043765530921053,1
0.3472150023839563,-0.27300464,1
1.9748534791564278,0.4006124418667188,1
1.951892363805425,0.06451084484524822,1
1.8090848863960294,-0.059093409,1
0.28387704020573606,-0.17950253,1
1.6102610851015295,-0.306907932,1
1.3106273596271645,-0.461743295,1
0.3987010506153269,-0.321098128,1
1.5826494969365135,-0.278663539,1
0.07128061346492601,0.14360767009500333,1
1.9262997524971488,0.2859911969467386,1
0.08011956220803708,0.059447726022242756,1
1.3017117278685215,-0.466353807,1
0.8523073521046879,0.4548910225541343,0
0.05710273234024755,1.0174832119041246,0
0.6487462186630393,-0.452570158,1
0.5405724072096365,0.8595634306761057,0
0.011507790454330914,0.30068606924713914,1
0.95992239740453,0.22531208455212154,0
0.0567880676631736,0.23229320744092047,1
0.5455062774213337,0.8205017042024971,0
0.417418022577583,-0.327122048,1
1.7676116666110422,-0.170596825,1
1.6397343200329213,-0.268450548,1
1.5774480850211587,-0.307487865,1
1.927932662984196,0.11208967924264762,1
0.8748072157524847,-0.489897653,1
0.8312899523606496,0.5643136988553407,0
0.09409466984213576,0.09624982110242054,1
0.06057465940177769,1.0153747055932356,0
0.9502525231290605,-0.53618514,1
0.07773210497735542,0.07570968933202449,1
0.6758750563802747,-0.39539603,1
-0.963042668,0.20698162410942728,0
0.05496473804093528,0.21934900708014402,1
1.7841492574333835,-0.14954765,1
0.2893144119155487,0.9246505774071604,0
-0.802421162,0.5913155853979393,0
1.2905985580373192,-0.439587532,1
-0.805413192,0.5727460826653319,0
1.1031011153399088,-0.509206687,1
1.5572591108188902,-0.303630768,1
0.18044823463016013,0.932149250910622,0
0.9593594881966405,-0.022917368,0
1.1236340709641626,-0.488712653,1
0.376717135234877,-0.26195142,1
1.9402101811288566,0.055655355512628644,1
0.2506650844511155,-0.195519021,1
0.9690230962395682,-0.534725098,1
0.020341024613798345,0.19649431314345187,1
0.8005762485515753,-0.487150303,1
0.5998721978704802,-0.419313205,1
0.7694184917255037,0.6380811904748492,0
1.352903630981728,-0.362682992,1
0.8346650129626465,-0.461247232,1
0.1271445345902242,0.04770052545080878,1
-0.79110035,0.540459909884422,0
-0.01074747,0.38326588224339186,1
0.9688104895622535,0.25183700356592864,0
0.963252867888321,0.16931818785069372,0
1.1736725779427766,-0.469486147,1
1.534458931542972,-0.324116475,1
0.34458984725534353,0.9407678224435612,0
0.6503952999724555,0.7757956533447794,0
1.0166985582159374,0.19138625250790875,0
1.7036703205839174,-0.168371669,1
0.125743609029489,1.0240493807769888,0
-1.015204977,0.012917877368389064,0
1.1618888138521728,-0.566734751,1
-0.745547773,0.6595212083713713,0
-0.270918968,0.9482967696613134,0
-0.836243839,0.5127571889355866,0
0.5348151654921325,-0.35513252,1
-0.809476907,0.5928009003870783,0
0.18901337729822987,-0.029974895,1
-1.013788084,-0.027768092,0
0.6895220952902326,0.7119626295745517,0
0.9068276623567818,0.3873584614242452,0
-0.930437622,0.18686317590441112,0
0.41295731420737886,-0.315990581,1
0.7095458764916049,0.7245853426061636,0
1.941880434543484,0.37949068217598425,1
0.037028694642871535,0.3985178765660229,1
1.5297914863868978,-0.377436974,1
1.9037155578902007,0.273868852084425,1
0.9523744182253449,0.42198109126808914,0
1.407892566512016,-0.425804415,1
1.0287420323237915,0.11575165007846223,0
0.5425640114999704,0.8519860975652335,0
0.9523790082357404,0.26537842122575983,0
-1.038002555,0.007389819524841475,0
-0.696187243,0.7137745894539841,0
0.4024187274274759,0.9262171498957646,0
1.0131524628087392,-0.498636548,1
0.22297387408685543,0.9617991226843874,0
1.236937412598619,-0.422728871,1
0.9450792909593206,0.3352075188937674,0
1.746826314738792,-0.220260186,1
-0.51764143,0.8916533132893256,0
1.045133170575788,-0.498757317,1
0.802018364399166,-0.473549787,1
0.8474555450689374,-0.445537996,1
-0.312447943,0.9508545558295385,0
0.6658633561321213,-0.484106088,1
0.0018536955309701748,1.0242511441734412,0
0.833106662041314,-0.465912393,1
-0.938171102,0.2950050553068748,0
-0.959783895,0.2542919483925688,0
1.9697474817258727,0.4480599964098647,1
1.4382783045533767,-0.461625048,1
1.68705700385774,-0.285538458,1
-0.143015677,0.9879268488861996,0
0.27951276757458804,0.9817026338705712,0
0.5831919671764072,0.8290287023427528,0
0.046386909497424134,0.15571094352738804,1
0.8875262884426007,-0.496287399,1
-0.774008198,0.6129783209261558,0
0.6698241981293905,-0.439987934,1
-0.943924194,0.1294539350558025,0
1.4262708903807808,-0.416223808,1
1.1197339680958507,-0.540906469,1
0.7494945410093704,0.616275403560345,0
0.12797866698881005,0.0837002809069409,1
-0.788912346,0.6895362255741373,0
0.9667324578078407,-0.04354156,0
1.8999249773329636,0.09961530003746052,1
1.9418543542755176,0.3893347605196918,1
0.10129574308117961,0.08674990492639244,1
0.8784482999179521,0.4945142248140727,0
0.2740098752286377,0.9665814143356164,0
0.9830970889286078,0.18804363279199696,0
1.2048110435022439,-0.449708033,1
0.03696545161056472,0.48006534909128723,1
-0.94625798,0.46571285172603655,0
-0.940467407,0.2334394743045557,0
-0.67588977,0.7511677170419765,0
0.8902535096113694,0.5638261931243844,0
-0.560061656,0.896267367742958,0
1.8021118044840767,-0.106609207,1
0.07027029766921622,0.05917822566370923,1
-0.568964057,0.839555597180745,0
1.1545036752473474,-0.473501205,1
0.027556832929184018,0.9943406246253179,0
1.0061487688963815,0.08744358122972445,0
-0.448948836,0.9030020089740399,0
0.2420476476338847,-0.103576846,1
-0.761055014,0.6455278828726879,0
-0.100364394,1.027786280427426,0
0.5260422618712478,0.8357769319839463,0
1.5502120412351301,-0.324988,1
1.9780709103411307,0.4298283130395402,1
0.44468079880037026,-0.304130755,1
1.4664657221347521,-0.37852666,1
-0.983307869,0.10787228980902258,0
1.950841496598573,0.386868549952281,1
0.04282769008191271,0.4952597393754297,1
1.495515570893132,-0.319865997,1
0.035359907013218894,0.9805761190630135,0
0.08970893326015002,0.1193271201932393,1
1.6589039030818007,-0.195214012,1
0.09952991004900068,0.1114095856423859,1
0.6439915572090685,-0.401910331,1
0.43599250506020315,0.9058143887756951,0
1.2281092968206027,-0.50965946,1
0.6389316415832293,-0.510948358,1
-0.972456581,0.15605178755233676,0
0.5676120507117293,-0.461644602,1
-0.018730413,0.4372066041273775,1
0.957863483119606,0.3565980609767433,0
-0.980077238,0.1454613991251939,0
0.1229786211102478,0.10062562327523975,1
1.6004008583739422,-0.298281671,1
1.0005423396344357,-0.531041931,1
-0.011667235,1.004823441840234,0
0.9704420686985268,0.1417258624876083,0
-0.419451803,0.8876337069480005,0
-0.96546961,0.1993850267129105,0
0.4697806035750023,0.8613907130133032,0
-0.134596077,0.9721106855739551,0
1.9418341812707136,0.256681172563344,1
0.3256665559469884,0.8920385048070602,0
-0.732079024,0.6579389049687646,0
1.3742950965247005,-0.503780913,1
-0.8989893,0.5157977867700556,0
-0.986201679,0.07575483575571255,0
-0.549998485,0.8366278117275153,0
1.1107774446171643,-0.444746365,1
-0.393123406,0.9437102881253732,0
0.44157408634543543,-0.332708311,1
0.6522424120835338,0.7524026577751592,0
0.4853002382711248,-0.303003342,1
1.684060880315219,-0.208677079,1
0.7885774839067494,0.5750663116262879,0
-0.693847169,0.671235424869985,0
0.8111787594068888,0.5387486407019964,0
-0.971252437,0.2374821138177612,0
-0.507500331,0.8533426678801721,0
0.22502051858307895,0.9884787283541719,0
-1.041258496,0.24865423387229413,0
0.7638533937784707,0.620297430804513,0
0.2792696844587124,-0.126011194,1
0.9920964718781603,0.08666801624206572,0
0.7238358815621776,-0.459068633,1
0.9182142423845311,0.4988384193578377,0
0.7930181744126336,0.5914019845500088,0
-0.138777344,0.9679995100179747,0
1.653914825717549,-0.291797946,1
-0.934101699,0.35358220596336876,0
0.796835801437086,0.6042366167665801,0
